
{
    "peopleTrajectory" : {
        "id_1" : {
            "humanType" : "adult",
            "walkSpeed" : 89.1296997070313,
            "travelTime" : 19.0238075256348,
            "desiredList" : [
                "p6",
                "p2",
                "p3",
                "p4"
            ],
            "trajectoryOrder" : [
                "exit2"
            ],
            "fullTrajectory"  : [
                [
                    2.09291076660156,
                    2.26586580276489
                ],
                [
                    2.03955841064453,
                    3.08583688735962
                ],
                [
                    2.03147125244141,
                    4.1979398727417
                ],
                [
                    2.02275085449219,
                    5.42094802856445
                ],
                [
                    2.01219940185547,
                    6.95725107192993
                ],
                [
                    2.00420379638672,
                    8.07197761535645
                ],
                [
                    2.06308746337891,
                    8.80285167694092
                ],
                [
                    2.06304931640625,
                    8.80284690856934
                ],
                [
                    2.06303405761719,
                    8.80284690856934
                ],
                [
                    2.06308746337891,
                    8.80284595489502
                ],
                [
                    2.06307220458984,
                    8.80285358428955
                ],
                [
                    2.06304931640625,
                    8.80285835266113
                ],
                [
                    2.06306457519531,
                    8.80285167694092
                ],
                [
                    2.06304168701172,
                    8.8028507232666
                ],
                [
                    2.06307983398438,
                    8.80285549163818
                ],
                [
                    2.12454986572266,
                    8.69493675231934
                ],
                [
                    2.57341766357422,
                    7.71575593948364
                ],
                [
                    3.49861907958984,
                    6.56944417953491
                ],
                [
                    4.6829833984375,
                    6.54426050186157
                ],
                [
                    5.71403503417969,
                    6.95745134353638
                ],
                [
                    5.71403503417969,
                    6.95745134353638
                ],
                [
                    5.71403503417969,
                    6.95745134353638
                ],
                [
                    5.71403503417969,
                    6.95745134353638
                ],
                [
                    5.71403503417969,
                    6.95745134353638
                ],
                [
                    5.71403503417969,
                    6.95745134353638
                ],
                [
                    5.71403503417969,
                    6.95745134353638
                ]
            ],
            "gatherEvent"     : [
                {
                    "time" : 13.0001077651978,
                    "preState" : "gather",
                    "curState" : "gather"
                },
                {
                    "time" : 18.0002212524414,
                    "preState" : "gather",
                    "curState" : "gather"
                }
            ],
            "allvisit"        : false,
            "earlyLeave"      : true
        },
        "id_2" : {
            "humanType" : "adult",
            "walkSpeed" : 95.084098815918,
            "travelTime" : 25.203920841217,
            "desiredList" : [
                "p1",
                "p2",
                "p3",
                "p4"
            ],
            "trajectoryOrder" : [
                "p1",
                "exit1"
            ],
            "fullTrajectory"  : [
                [
                    -4.83998870849609,
                    7.629958152771
                ],
                [
                    -4.56328582763672,
                    6.80053186416626
                ],
                [
                    -4.04074096679688,
                    5.95979118347168
                ],
                [
                    -3.55389404296875,
                    5.2512378692627
                ],
                [
                    -2.99968719482422,
                    4.49253368377686
                ],
                [
                    -2.65624237060547,
                    3.44371128082275
                ],
                [
                    -2.36405944824219,
                    2.28764152526855
                ],
                [
                    -2.12153625488281,
                    1.19718861579895
                ],
                [
                    -1.94924926757813,
                    1.62509346008301
                ],
                [
                    -1.94927215576172,
                    1.62509405612946
                ],
                [
                    -1.94924926757813,
                    1.62509274482727
                ],
                [
                    -1.94922637939453,
                    1.6250923871994
                ],
                [
                    -1.94811248779297,
                    1.63277423381805
                ],
                [
                    -1.77146911621094,
                    2.85745310783386
                ],
                [
                    -1.55333709716797,
                    4.36967802047729
                ],
                [
                    -1.55333709716797,
                    4.36967897415161
                ],
                [
                    -1.55332946777344,
                    4.36967849731445
                ],
                [
                    -1.54401397705078,
                    4.33422183990479
                ],
                [
                    -1.16733551025391,
                    2.89166450500488
                ],
                [
                    -1.02864837646484,
                    2.10450410842896
                ],
                [
                    -1.47646331787109,
                    2.65261554718018
                ],
                [
                    -1.95232391357422,
                    3.32861304283142
                ],
                [
                    -2.63507080078125,
                    4.42447185516357
                ],
                [
                    -3.19891357421875,
                    5.55331182479858
                ],
                [
                    -3.99649047851563,
                    6.24481725692749
                ],
                [
                    -4.61499786376953,
                    6.95076656341553
                ]
            ],
            "gatherEvent"     : [
                {
                    "time" : 13.0001077651978,
                    "preState" : "alone",
                    "curState" : "alone"
                },
                {
                    "time" : 18.0002212524414,
                    "preState" : "alone",
                    "curState" : "alone"
                },
                {
                    "time" : 23.0003356933594,
                    "preState" : "alone",
                    "curState" : "alone"
                }
            ],
            "allvisit"        : false,
            "earlyLeave"      : true
        },
        "id_3" : {
            "humanType" : "adult",
            "walkSpeed" : 95.084098815918,
            "travelTime" : 21.9639000892639,