{
  "119": {
    "sceneSize": [
      1920,
      1080
    ],
    "transMatrix": [
      [
        1.9856260735959277,
        5.292971491659042,
        -1530.7298340750935
      ],
      [
        -0.32955401473739954,
        8.362608109004551,
        -1606.5753002207261
      ],
      [
        -0.00035787283677984807,
        0.005530542581917412,
        1.0
      ]
    ],
    "regionColors": [
      [
        120,
        0,
        255
      ],
      [
        255,
        0,
        255
      ],
      [
        255,
        0,
        0
      ],
      [
        0,
        0,
        255
      ],
      [
        120,
        255,
        0
      ],
      [
        0,
        0,
        0
      ],
      [
        255,
        255,
        255
      ]
    ],
    "colorToRegion": {
      "[120,0,255]": "p1",
      "[255,0,255]": "p2",
      "[255,0,0]": "p3",
      "[0,0,255]": "p4",
      "[120,255,0]": "p5",
      "[0,0,0]": "illegalArea",
      "[255,255,255]": "walkableArea"
    },
    "regionToColor": {
      "p1": [
        120,
        0,
        255
      ],
      "p2": [
        255,
        0,
        255
      ],
      "p3": [
        255,
        0,
        0
      ],
      "p4": [
        0,
        0,
        255
      ],
      "p5": [
        120,
        255,
        0
      ],
      "illegalArea": [
        0,
        0,
        0
      ],
      "walkableArea": [
        255,
        255,
        255
      ],
      "moving": [
        0,
        0,
        0
      ],
      "": [
        0,
        0,
        0
      ]
    },
    "ExhibitionCenter": {
      "p1": [
        528,
        466
      ],
      "p2": [
        411,
        800
      ],
      "p3": [
        360,
        299
      ],
      "p4": [
        1524,
        336
      ],
      "p5": [
        1057,
        534
      ],
      "walkableArea": [
        0,
        0
      ]
    },
    "regionGraph": "119_region.png"
  },
  "120": {
    "sceneSize": [
      1920,
      1080
    ],
    "transMatrix": [
      [
        11.936585261256567,
        23.565608101576974,
        -11717.991282460154
      ],
      [
        0.795579131964738,
        23.452360384181972,
        -5394.333855574679
      ],
      [
        0.0013486062971023386,
        0.01644619014585833,
        1.0
      ]
    ],
    "regionColors": [
      [
        0,
        255,
        0
      ],
      [
        255,
        0,
        0
      ],
      [
        0,
        0,
        255
      ],
      [
        255,
        255,
        0
      ],
      [
        255,
        120,
        0
      ],
      [
        255,
        0,
        255
      ],
      [
        0,
        255,
        255
      ],
      [
        255,
        0,
        120
      ],
      [
        120,
        0,
        255
      ],
      [
        120,
        0,
        120
      ],
      [
        0,
        0,
        0
      ],
      [
        255,
        255,
        255
      ]
    ],
    "colorToRegion": {
      "[0,255,0]": "p1",
      "[255,0,0]": "p2",
      "[0,0,255]": "p3",
      "[255,255,0]": "p4",
      "[255,120,0]": "p5",
      "[255,0,255]": "p6",
      "[0,255,255]": "p7",
      "[255,0,120]": "p8",
      "[120,0,255]": "p9",
      "[120,0,120]": "p10",
      "[0,0,0]": "illegalArea",
      "[255,255,255]": "walkableArea"
    },
    "regionToColor": {
      "p1": [
        0,
        255,
        0
      ],
      "p2": [
        255,
        0,
        0
      ],
      "p3": [
        0,
        0,
        255
      ],
      "p4": [
        255,
        255,
        0
      ],
      "p5": [
        255,
        120,
        0
      ],
      "p6": [
        255,
        0,
        255
      ],
      "p7": [
        0,
        255,
        255
      ],
      "p8": [
        255,
        0,
        120
      ],
      "p9": [
        120,
        0,
        255
      ],
      "p10": [
        120,
        0,
        120
      ],
      "illegalArea": [
        0,
        0,
        0
      ],
      "walkableArea": [
        255,
        255,
        255
      ],
      "moving": [
        0,
        0,
        0
      ],
      "": [
        0,
        0,
        0
      ]
    },
    "ExhibitionCenter": {
      "p1": [
        804,
        173
      ],
      "p2": [
        734,
        376
      ],
      "p3": [
        486,
        571
      ],
      "p4": [
        1286,
        203
      ],
      "p5": [
        1222,
        799
      ],
      "p6": [
        1574,
        573
      ],
      "p7": [
        1530,
        183
      ],
      "p8": [
        512,
        418
      ],
      "p9": [
        374,
        329
      ],
      "p10": [
        257,
        503
      ],
      "walkableArea": [
        0,
        0
      ]
    },
    "regionGraph": "120_region.png"
  },
  "125": {
    "sceneSize": [
      1080,
      1920
    ],
    "transMatrix": [
      [
        -13.459685224323705,
        -21.705535555848645,
        14678.97657638526
      ],
      [
        -1.7018840874653014,
        -59.37915397906064,
        13371.971986326109
      ],
      [
        -0.0022284943651107603,
        -0.025361139311329137,
        1.0
      ]
    ],
    "obstacles": [
      [
        "p",
        1,
        540,
        1342,
        648,
        1276,
        590,
        1120,
        454,
        1194
      ],
      [
        "p",
        2,
        362,
        1246,
        480,
        1396,
        548,
        1366,
        432,
        1206
      ],
      [
        "p",
        3,
        616,
        1714,
        558,
        1740,
        502,
        1702,
        546,
        1632,
        604,
        1656
      ],
      [
        "p",
        4,
        886,
        1690,
        888,
        1534,
        1036,
        1442,
        1032,
        1638
      ],
      [
        "p",
        5,
        894,
        1392,
        890,
        1208,
        956,
        1096,
        948,
        948,
        892,
        964,
        858,
        356,
        948,
        302,
        904,
        0,
        1080,
        0,
        1080,
        1384
      ],
      [
        "p",
        7,
        2,
        532,
        256,
        1772,
        406,
        1850,
        1078,
        1628,
        1080,
        1920,
        0,
        1920
      ]
    ],
    "regionColors": [
      [
        0,
        120,
        0
      ],
      [
        0,
        0,
        120
      ],
      [
        255,
        255,
        0
      ],
      [
        255,
        0,
        0
      ],
      [
        0,
        255,
        255
      ],
      [
        0,
        0,
        0
      ],
      [
        255,
        255,
        255
      ]
    ],
    "colorToRegion": {
      "[0,120,0]": "p1",
      "[0,0,120]": "p2",
      "[255,255,0]": "p3",
      "[255,0,0]": "p4",
      "[0,255,255]": "p5",
      "[0,0,0]": "illegal area",
      "[255,255,255]": "walkable area"
    },
    "regionToColor": {
      "p1": [
        0,
        120,
        0
      ],
      "p2": [
        0,
        0,
        120
      ],
      "p3": [
        255,
        255,
        0
      ],
      "p4": [
        255,
        0,
        0
      ],
      "p5": [
        0,
        255,
        255
      ],
      "illegal area": [
        0,
        0,
        0
      ],
      "walkable area": [
        255,
        255,
        255
      ],
      "moving": [
        0,
        0,
        0
      ],
      "": [
        0,
        0,
        0
      ]
    },
    "regionGraph": "125_region.png"
  },
  "225": {
    "sceneSize": [
      1080,
      1920
    ],
    "transMatrix": [
      [
        1.5941032849709973,
        2.0011983564709324,
        -1105.5358480803739
      ],
      [
        -0.5671175641260027,
        9.329768939120708,
        -710.7521653210805
      ],
      [
        -0.0001969922275157867,
        0.003536339349458849,
        1.0
      ]
    ],