
{
    "sceneName" : "119_A",
    "exhibitionsInfo" : [
        {
            "name" : "119_1",
            "posX" : -4.27891492843628,
            "posY" : 0.0,
            "posZ" : 46.1669616699219,
            "rotX" : 0.0,
            "rotY" : 0.594354152679443,
            "rotZ" : 0.0,
            "sclX" : 1.0,
            "sclY" : 1.0,
            "sclZ" : 1.0,
            "capacityMax" : 2.0,
            "capacityMean" : 0.0,
            "capacityMedian" : 0.0,
            "stayTimeMax"    : 8.0,
            "stayTimeMin"    : 1.0,
            "stayTimeMean"   : 3.10999989509583,
            "stayTimeStd"    : 1.75999999046326,
            "chooseProbability" : 0.0900000035762787,
            "repeatChooseProbability" : 0.0
        },
        {
            "name" : "119_x2",
            "posX" : -9.02893161773682,
            "posY" : 0.00162267684936523,
            "posZ" : 46.2243843078613,
            "rotX" : -4.44075169525604E-07,
            "rotY" : 90.428955078125,
            "rotZ" : 1.33502635435434E-06,
            "sclX" : 0.400000005960464,
            "sclY" : 0.5,
            "sclZ" : 0.200000002980232,
            "capacityMax" : 0.0,
            "capacityMean" : 0.0,
            "capacityMedian" : 0.0,
            "stayTimeMax"    : 0.0,
            "stayTimeMin"    : 0.0,
            "stayTimeMean"   : 0.0,
            "stayTimeStd"    : 0.0,
            "chooseProbability" : 0.0,
            "repeatChooseProbability" : 0.0
        },
        {
            "name" : "119_x3",
            "posX" : -7.25178194046021,
            "posY" : -0.000446081161499023,
            "posZ" : 44.5027084350586,
            "rotX" : -0.000195490822079591,
            "rotY" : 359.674133300781,
            "rotZ" : -3.05860085063614E-05,
            "sclX" : 0.5,
            "sclY" : 0.5,
            "sclZ" : 0.200000002980232,
            "capacityMax" : 0.0,
            "capacityMean" : 0.0,
            "capacityMedian" : 0.0,
            "stayTimeMax"    : 0.0,
            "stayTimeMin"    : 0.0,
            "stayTimeMean"   : 0.0,
            "stayTimeStd"    : 0.0,
            "chooseProbability" : 0.0,
            "repeatChooseProbability" : 0.0
        },
        {
            "name" : "119_2",
            "posX" : 3.73580694198608,
            "posY" : 0.0,
            "posZ" : 44.1515159606934,
            "rotX" : 0.0,
            "rotY" : 269.832824707031,
            "rotZ" : 0.0,
            "sclX" : 1.0,
            "sclY" : 1.0,
            "sclZ" : 1.0,
            "capacityMax" : 5.0,
            "capacityMean" : 1.0,
            "capacityMedian" : 1.0,
            "stayTimeMax"    : 44.0,
            "stayTimeMin"    : 1.0,
            "stayTimeMean"   : 12.3999996185303,
            "stayTimeStd"    : 9.6899995803833,
            "chooseProbability" : 0.159999996423721,
            "repeatChooseProbability" : 0.0
        },
        {
            "name" : "119_3",
            "posX" : 7.20582103729248,
            "posY" : 0.0,
            "posZ" : 46.4109992980957,
            "rotX" : 0.0,
            "rotY" : 223.275802612305,
            "rotZ" : 0.0,
            "sclX" : 1.0,
            "sclY" : 1.0,
            "sclZ" : 1.0,
            "capacityMax" : 3.0,
            "capacityMean" : 0.0,
            "capacityMedian" : 0.0,
            "stayTimeMax"    : 16.0,
            "stayTimeMin"    : 1.0,
            "stayTimeMean"   : 4.17999982833862,
            "stayTimeStd"    : 4.36999988555908,
            "chooseProbability" : 0.0599999986588955,
            "repeatChooseProbability" : 0.0
        },
        {
            "name" : "119_x1",
            "posX" : 7.98580312728882,
            "posY" : 0.000644922256469727,
            "posZ" : 48.2952308654785,
            "rotX" : -1.87047777266969E-09,
            "rotY" : 43.6263542175293,
            "rotZ" : 1.40694256245411E-08,
            "sclX" : 0.5,
            "sclY" : 0.5,
            "sclZ" : 0.200000002980232,
            "capacityMax" : 0.0,
            "capacityMean" : 0.0,
            "capacityMedian" : 0.0,
            "stayTimeMax"    : 0.0,
            "stayTimeMin"    : 0.0,
            "stayTimeMean"   : 0.0,
            "stayTimeStd"    : 0.0,
            "chooseProbability" : 0.0,
            "repeatChooseProbability" : 0.0
        },
        {
            "name" : "119_4",
            "posX" : 2.34139466285706,
            "posY" : 0.0,
            "posZ" : 51.3286743164063,
            "rotX" : 0.0,
            "rotY" : 221.420349121094,
            "rotZ" : 0.0,
            "sclX" : 1.0,
            "sclY" : 1.0,
            "sclZ" : 1.0,
            "capacityMax" : 7.0,
            "capacityMean" : 2.0,
            "capacityMedian" : 2.0,
            "stayTimeMax"    : 44.0,
            "stayTimeMin"    : 1.0,
            "stayTimeMean"   : 11.9300003051758,
            "stayTimeStd"    : 10.7700004577637,
            "chooseProbability" : 0.349999994039536,
            "repeatChooseProbability" : 0.0399999991059303
        },
        {
            "name" : "119_5",
            "posX" : -4.14604902267456,
            "posY" : 0.0,
            "posZ" : 55.4019966125488,
            "rotX" : 0.0,
            "rotY" : 126.970962524414,
            "rotZ" : 0.0,
            "sclX" : 1.0,
            "sclY" : 1.0,
            "sclZ" : 1.0,
            "capacityMax" : 2.0,
            "capacityMean" : 0.0,
            "capacityMedian" : 0.0,
            "stayTimeMax"    : 3.0,
            "stayTimeMin"    : 1.0,
            "stayTimeMean"   : 2.0,
            "stayTimeStd"    : 0.819999992847443,
            "chooseProbability" : 0.00999999977648258,
            "repeatChooseProbability" : 0.0
        }
    ]
}