
{
    "sceneName" : "119_A",
    "exhibitionsInfo" : [
        {
            "name" : "119_1",
            "posX" : 3.65999984741211,
            "posY" : 0.0,
            "posZ" : 50.9799995422363,
            "rotX" : 0.0,
            "rotY" : 316.398803710938,
            "rotZ" : 0.0,
            "sclX" : 1.0,
            "sclY" : 1.0,
            "sclZ" : 1.0,
            "capacityMax" : 2.0,
            "capacityMean" : 0.0,
            "capacityMedian" : 0.0,
            "stayTimeMax"    : 8.0,
            "stayTimeMin"    : 1.0,
            "stayTimeMean"   : 3.10999989509583,
            "stayTimeStd"    : 1.75999999046326,
            "chooseProbability" : 0.0900000035762787,
            "repeatChooseProbability" : 0.0
        },
        {
            "name" : "119_x2",
            "posX" : 0.710000276565552,
            "posY" : 0.0,
            "posZ" : 48.0400009155273,
            "rotX" : -8.16942846704194E-10,
            "rotY" : 46.300121307373,
            "rotZ" : 2.37103625622126E-09,
            "sclX" : 0.400000005960464,
            "sclY" : 0.5,
            "sclZ" : 0.200000002980232,
            "capacityMax" : 0.0,
            "capacityMean" : 0.0,
            "capacityMedian" : 0.0,
            "stayTimeMax"    : 0.0,
            "stayTimeMin"    : 0.0,
            "stayTimeMean"   : 0.0,
            "stayTimeStd"    : 0.0,
            "chooseProbability" : 0.0,
            "repeatChooseProbability" : 0.0
        },
        {
            "name" : "119_x3",
            "posX" : 3.24181461334229,
            "posY" : -0.00362896919250488,
            "posZ" : 48.0999984741211,
            "rotX" : -5.16503284586634E-09,
            "rotY" : 315.740020751953,
            "rotZ" : 2.10045247861501E-09,
            "sclX" : 0.5,
            "sclY" : 0.5,
            "sclZ" : 0.200000002980232,
            "capacityMax" : 0.0,
            "capacityMean" : 0.0,
            "capacityMedian" : 0.0,
            "stayTimeMax"    : 0.0,
            "stayTimeMin"    : 0.0,
            "stayTimeMean"   : 0.0,
            "stayTimeStd"    : 0.0,
            "chooseProbability" : 0.0,
            "repeatChooseProbability" : 0.0
        },
        {
            "name" : "119_2",
            "posX" : 2.97000002861023,
            "posY" : 0.0,
            "posZ" : 53.9199981689453,
            "rotX" : 0.0,
            "rotY" : 135.0,
            "rotZ" : 0.0,
            "sclX" : 1.0,
            "sclY" : 1.0,
            "sclZ" : 1.0,
            "capacityMax" : 5.0,
            "capacityMean" : 1.0,
            "capacityMedian" : 1.0,
            "stayTimeMax"    : 44.0,
            "stayTimeMin"    : 1.0,
            "stayTimeMean"   : 12.3999996185303,
            "stayTimeStd"    : 9.6899995803833,
            "chooseProbability" : 0.159999996423721,
            "repeatChooseProbability" : 0.0
        },
        {
            "name" : "119_3",
            "posX" : 6.67000007629395,
            "posY" : 0.5,
            "posZ" : 47.6399993896484,
            "rotX" : 0.0,
            "rotY" : 180.0,
            "rotZ" : 0.0,
            "sclX" : 1.0,
            "sclY" : 1.0,
            "sclZ" : 1.0,
            "capacityMax" : 3.0,
            "capacityMean" : 0.0,
            "capacityMedian" : 0.0,
            "stayTimeMax"    : 16.0,
            "stayTimeMin"    : 1.0,
            "stayTimeMean"   : 4.17999982833862,
            "stayTimeStd"    : 4.36999988555908,
            "chooseProbability" : 0.0599999986588955,
            "repeatChooseProbability" : 0.0
        },
        {
            "name" : "119_x1",
            "posX" : 5.96000003814697,
            "posY" : 0.790313601493835,
            "posZ" : 49.7799987792969,
            "rotX" : 0.0,
            "rotY" : 0.0,
            "rotZ" : 0.0,
            "sclX" : 0.5,
            "sclY" : 0.5,
            "sclZ" : 0.200000002980232,
            "capacityMax" : 0.0,
            "capacityMean" : 0.0,
            "capacityMedian" : 0.0,
            "stayTimeMax"    : 0.0,
            "stayTimeMin"    : 0.0,
            "stayTimeMean"   : 0.0,
            "stayTimeStd"    : 0.0,
            "chooseProbability" : 0.0,
            "repeatChooseProbability" : 0.0
        },
        {
            "name" : "119_4",
            "posX" : -4.5058388710022,
            "posY" : 0.0,
            "posZ" : 48.1544990539551,
            "rotX" : 0.0,
            "rotY" : 138.640289306641,
            "rotZ" : 0.0,
            "sclX" : 1.0,
            "sclY" : 1.0,
            "sclZ" : 1.0,
            "capacityMax" : 10.0,
            "capacityMean" : 2.0,
            "capacityMedian" : 2.0,
            "stayTimeMax"    : 100.0,
            "stayTimeMin"    : 1.0,
            "stayTimeMean"   : 100.0,
            "stayTimeStd"    : 20.0,
            "chooseProbability" : 0.7,
            "repeatChooseProbability" : 0.3
        },
        {
            "name" : "119_5",
            "posX" : 0.180000007152557,
            "posY" : 0.0,
            "posZ" : 51.5,
            "rotX" : 0.0,
            "rotY" : 315.0,
            "rotZ" : 0.0,
            "sclX" : 1.0,
            "sclY" : 1.0,
            "sclZ" : 1.0,
            "capacityMax" : 2.0,
            "capacityMean" : 0.0,
            "capacityMedian" : 0.0,
            "stayTimeMax"    : 3.0,
            "stayTimeMin"    : 1.0,
            "stayTimeMean"   : 2.0,
            "stayTimeStd"    : 0.819999992847443,
            "chooseProbability" : 0.00999999977648258,
            "repeatChooseProbability" : 0.0
        }
    ]
}