
{
    "sceneName" : "119",
    "exhibitionsInfo" : [
        {
            "name" : "119_1",
            "posX" : 3.59085655212402,
            "posY" : 0.0,
            "posZ" : 1.27981698513031,
            "rotX" : 0.0,
            "rotY" : 311.898803710938,
            "rotZ" : 0.0,
            "sclX" : 1.0,
            "sclY" : 1.0,
            "sclZ" : 1.0,
            "capacityMax" : 2.0,
            "capacityMean" : 0.0,
            "capacityMedian" : 0.0,
            "stayTimeMax"    : 8.0,
            "stayTimeMin"    : 1.0,
            "stayTimeMean"   : 3.10999989509583,
            "stayTimeStd"    : 1.75999999046326,
            "chooseProbability" : 0.0900000035762787,
            "repeatChooseProbability" : 0.0
        },
        {
            "name" : "119_x2",
            "posX" : 0.880989134311676,
            "posY" : -0.000423192977905273,
            "posZ" : -1.88305187225342,
            "rotX" : -5.29632240842126E-11,
            "rotY" : 41.7999954223633,
            "rotZ" : -2.02246865088629E-11,
            "sclX" : 0.400000005960464,
            "sclY" : 0.5,
            "sclZ" : 0.200000002980232,
            "capacityMax" : 0.0,
            "capacityMean" : 0.0,
            "capacityMedian" : 0.0,
            "stayTimeMax"    : 0.0,
            "stayTimeMin"    : 0.0,
            "stayTimeMean"   : 0.0,
            "stayTimeStd"    : 0.0,
            "chooseProbability" : 0.0,
            "repeatChooseProbability" : 0.0
        },
        {
            "name" : "119_x3",
            "posX" : 3.39806914329529,
            "posY" : -0.000174522399902344,
            "posZ" : -1.62396788597107,
            "rotX" : 1.11781241685094E-06,
            "rotY" : 311.240661621094,
            "rotZ" : -1.5006334251666E-05,
            "sclX" : 0.5,
            "sclY" : 0.5,
            "sclZ" : 0.200000002980232,
            "capacityMax" : 0.0,
            "capacityMean" : 0.0,
            "capacityMedian" : 0.0,
            "stayTimeMax"    : 0.0,
            "stayTimeMin"    : 0.0,
            "stayTimeMean"   : 0.0,
            "stayTimeStd"    : 0.0,
            "chooseProbability" : 0.0,
            "repeatChooseProbability" : 0.0
        },
        {
            "name" : "119_2",
            "posX" : 2.67231416702271,
            "posY" : 0.0,
            "posZ" : 4.15661716461182,
            "rotX" : 0.0,
            "rotY" : 130.500015258789,
            "rotZ" : 0.0,
            "sclX" : 1.0,
            "sclY" : 1.0,
            "sclZ" : 1.0,
            "capacityMax" : 5.0,
            "capacityMean" : 1.0,
            "capacityMedian" : 1.0,
            "stayTimeMax"    : 44.0,
            "stayTimeMin"    : 1.0,
            "stayTimeMean"   : 12.3999996185303,
            "stayTimeStd"    : 9.6899995803833,
            "chooseProbability" : 0.159999996423721,
            "repeatChooseProbability" : 0.0
        },
        {
            "name" : "119_3",
            "posX" : 6.85363101959229,
            "posY" : 0.5,
            "posZ" : -1.81372547149658,
            "rotX" : 0.0,
            "rotY" : 175.5,
            "rotZ" : 0.0,
            "sclX" : 1.0,
            "sclY" : 1.0,
            "sclZ" : 1.0,
            "capacityMax" : 3.0,
            "capacityMean" : 0.0,
            "capacityMedian" : 0.0,
            "stayTimeMax"    : 16.0,
            "stayTimeMin"    : 1.0,
            "stayTimeMean"   : 4.17999982833862,
            "stayTimeStd"    : 4.36999988555908,
            "chooseProbability" : 0.0599999986588955,
            "repeatChooseProbability" : 0.0
        },
        {
            "name" : "119_x1",
            "posX" : 5.9779109954834,
            "posY" : 0.790275931358337,
            "posZ" : 0.263913869857788,
            "rotX" : 5.18119236403436E-08,
            "rotY" : 355.500427246094,
            "rotZ" : -1.11878959430101E-08,
            "sclX" : 0.5,
            "sclY" : 0.5,
            "sclZ" : 0.200000002980232,
            "capacityMax" : 0.0,
            "capacityMean" : 0.0,
            "capacityMedian" : 0.0,
            "stayTimeMax"    : 0.0,
            "stayTimeMin"    : 0.0,
            "stayTimeMean"   : 0.0,
            "stayTimeStd"    : 0.0,
            "chooseProbability" : 0.0,
            "repeatChooseProbability" : 0.0
        },
        {
            "name" : "119_4",
            "posX" : -4.49096441268921,
            "posY" : 0.0,
            "posZ" : -2.45579051971436,
            "rotX" : 0.0,
            "rotY" : 40.5000038146973,
            "rotZ" : 0.0,
            "sclX" : 1.0,
            "sclY" : 1.0,
            "sclZ" : 1.0,
            "capacityMax" : 7.0,
            "capacityMean" : 2.0,
            "capacityMedian" : 2.0,
            "stayTimeMax"    : 44.0,
            "stayTimeMin"    : 1.0,
            "stayTimeMean"   : 11.9300003051758,
            "stayTimeStd"    : 10.7700004577637,
            "chooseProbability" : 0.349999994039536,
            "repeatChooseProbability" : 0.0399999991059303
        },
        {
            "name" : "119_5",
            "posX" : 0.0807856321334839,
            "posY" : 0.0,
            "posZ" : 1.52517652511597,
            "rotX" : 0.0,
            "rotY" : 310.5,
            "rotZ" : 0.0,
            "sclX" : 1.0,
            "sclY" : 1.0,
            "sclZ" : 1.0,
            "capacityMax" : 2.0,
            "capacityMean" : 0.0,
            "capacityMedian" : 0.0,
            "stayTimeMax"    : 3.0,
            "stayTimeMin"    : 1.0,
            "stayTimeMean"   : 2.0,
            "stayTimeStd"    : 0.819999992847443,
            "chooseProbability" : 0.00999999977648258,
            "repeatChooseProbability" : 0.0
        }
    ]
}