
{
    "sceneName" : "120",
    "exhibitionsInfo" : [
        {
            "name" : "120_1",
            "posX" : 53.8278961181641,
            "posY" : 0.00999999977648258,
            "posZ" : -7.31771183013916,
            "rotX" : 0.0,
            "rotY" : 91.6470108032227,
            "rotZ" : 0.0,
            "sclX" : 1.0,
            "sclY" : 1.0,
            "sclZ" : 1.0,
            "capacityMax" : 4.0,
            "capacityMean" : 1.0,
            "capacityMedian" : 0.0,
            "stayTimeMax"    : 3.0,
            "stayTimeMin"    : 3.0,
            "stayTimeMean"   : 9.42000007629395,
            "stayTimeStd"    : 8.14000034332275,
            "chooseProbability" : 0.0700000002980232,
            "repeatChooseProbability" : 0.0199999995529652
        },
        {
            "name" : "120_2",
            "posX" : 53.0554008483887,
            "posY" : 0.00999999977648258,
            "posZ" : -0.782809495925903,
            "rotX" : 0.0,
            "rotY" : 1.64700520038605,
            "rotZ" : 0.0,
            "sclX" : 1.0,
            "sclY" : 1.0,
            "sclZ" : 1.0,
            "capacityMax" : 6.0,
            "capacityMean" : 1.0,
            "capacityMedian" : 0.0,
            "stayTimeMax"    : 3.0,
            "stayTimeMin"    : 3.0,
            "stayTimeMean"   : 10.9200000762939,
            "stayTimeStd"    : 9.76000022888184,
            "chooseProbability" : 0.100000001490116,
            "repeatChooseProbability" : 0.00999999977648258
        },
        {
            "name" : "120_8",
            "posX" : 55.1545333862305,
            "posY" : 0.00999999977648258,
            "posZ" : -0.843167066574097,
            "rotX" : 0.0,
            "rotY" : 1.64700520038605,
            "rotZ" : 0.0,
            "sclX" : 1.0,
            "sclY" : 1.0,
            "sclZ" : 1.0,
            "capacityMax" : 2.0,
            "capacityMean" : 0.0,
            "capacityMedian" : 0.0,
            "stayTimeMax"    : 3.0,
            "stayTimeMin"    : 3.0,
            "stayTimeMean"   : 12.3400001525879,
            "stayTimeStd"    : 17.3600006103516,
            "chooseProbability" : 0.0599999986588955,
            "repeatChooseProbability" : 0.0
        },
        {
            "name" : "120_x2",
            "posX" : 54.1426544189453,
            "posY" : 0.0117547512054443,
            "posZ" : -0.894104719161987,
            "rotX" : 0.0,
            "rotY" : 1.64700520038605,
            "rotZ" : 0.0,
            "sclX" : 1.0,
            "sclY" : 1.0,
            "sclZ" : 1.0,
            "capacityMax" : 0.0,
            "capacityMean" : 0.0,
            "capacityMedian" : 0.0,
            "stayTimeMax"    : 0.0,
            "stayTimeMin"    : 0.0,
            "stayTimeMean"   : 0.0,
            "stayTimeStd"    : 0.0,
            "chooseProbability" : 0.0,
            "repeatChooseProbability" : 0.0
        },
        {
            "name" : "120_3",
            "posX" : 53.7684898376465,
            "posY" : 0.0,
            "posZ" : 5.22917938232422,
            "rotX" : 0.0,
            "rotY" : 1.64700520038605,
            "rotZ" : 0.0,
            "sclX" : 1.0,
            "sclY" : 1.0,
            "sclZ" : 1.0,
            "capacityMax" : 2.0,
            "capacityMean" : 0.0,
            "capacityMedian" : 0.0,
            "stayTimeMax"    : 3.0,
            "stayTimeMin"    : 3.0,
            "stayTimeMean"   : 4.8600001335144,
            "stayTimeStd"    : 5.21999979019165,
            "chooseProbability" : 0.0500000007450581,
            "repeatChooseProbability" : 0.00999999977648258
        },
        {
            "name" : "120_4",
            "posX" : 46.2052917480469,
            "posY" : 0.00954818725585938,
            "posZ" : -4.86829566955566,
            "rotX" : 4.18145646108314E-05,
            "rotY" : 1.64753091335297,
            "rotZ" : 7.01476164977066E-05,
            "sclX" : 1.0,
            "sclY" : 1.0,
            "sclZ" : 1.0,
            "capacityMax" : 6.0,
            "capacityMean" : 2.0,
            "capacityMedian" : 1.0,
            "stayTimeMax"    : 3.0,
            "stayTimeMin"    : 3.0,
            "stayTimeMean"   : 13.210000038147,
            "stayTimeStd"    : 11.1000003814697,
            "chooseProbability" : 0.200000002980232,
            "repeatChooseProbability" : 0.0500000007450581
        },
        {
            "name" : "120_5",
            "posX" : 46.6959495544434,
            "posY" : 0.0,
            "posZ" : 5.24246120452881,
            "rotX" : 0.0,
            "rotY" : 46.6470031738281,
            "rotZ" : 0.0,
            "sclX" : 1.0,
            "sclY" : 1.0,
            "sclZ" : 1.0,
            "capacityMax" : 4.0,
            "capacityMean" : 1.0,
            "capacityMedian" : 1.0,
            "stayTimeMax"    : 3.0,
            "stayTimeMin"    : 3.0,
            "stayTimeMean"   : 13.0699996948242,
            "stayTimeStd"    : 13.6199998855591,
            "chooseProbability" : 0.189999997615814,
            "repeatChooseProbability" : 0.0199999995529652
        },
        {
            "name" : "120_6",
            "posX" : 43.9596710205078,
            "posY" : 0.509999990463257,
            "posZ" : 2.27988290786743,
            "rotX" : 0.0,
            "rotY" : 46.6470031738281,
            "rotZ" : 0.0,
            "sclX" : 1.0,
            "sclY" : 1.0,
            "sclZ" : 1.0,
            "capacityMax" : 2.0,
            "capacityMean" : 0.0,
            "capacityMedian" : 0.0,
            "stayTimeMax"    : 3.0,
            "stayTimeMin"    : 3.0,
            "stayTimeMean"   : 5.57999992370605,
            "stayTimeStd"    : 3.85999989509583,
            "chooseProbability" : 0.0399999991059303,
            "repeatChooseProbability" : 0.0
        },
        {
            "name" : "120_x1",
            "posX" : 42.7331161499023,
            "posY" : 0.0108773708343506,
            "posZ" : 2.76533675193787,
            "rotX" : 1.00547072889867E-08,
            "rotY" : 1.64700651168823,
            "rotZ" : 5.57594637129455E-09,
            "sclX" : 0.5,
            "sclY" : 0.5,
            "sclZ" : 0.200000002980232,
            "capacityMax" : 0.0,
            "capacityMean" : 0.0,
            "capacityMedian" : 0.0,
            "stayTimeMax"    : 0.0,
            "stayTimeMin"    : 0.0,
            "stayTimeMean"   : 0.0,
            "stayTimeStd"    : 0.0,
            "chooseProbability" : 0.0,
            "repeatChooseProbability" : 0.0
        },
        {
            "name" : "120_7",
            "posX" : 41.9018020629883,
            "posY" : -0.270000010728836,
            "posZ" : -6.31452178955078,
            "rotX" : 0.0,
            "rotY" : 1.64700520038605,
            "rotZ" : 0.0,
            "sclX" : 1.0,
            "sclY" : 1.0,
            "sclZ" : 1.0,
            "capacityMax" : 2.0,
            "capacityMean" : 0.0,
            "capacityMedian" : 0.0,
            "stayTimeMax"    : 3.0,
            "stayTimeMin"    : 3.0,
            "stayTimeMean"   : 5.8600001335144,
            "stayTimeStd"    : 4.76000022888184,
            "chooseProbability" : 0.0199999995529652,
            "repeatChooseProbability" : 0.00999999977648258
        },
        {
            "name" : "120_9",
            "posX" : 59.2975540161133,
            "posY" : 0.00736802816390991,
            "posZ" : -3.23322558403015,
            "rotX" : 7.73053307057125E-06,
            "rotY" : 1.64700055122375,
            "rotZ" : -2.3605018213857E-05,
            "sclX" : 1.0,
            "sclY" : 1.0,
            "sclZ" : 1.0,
            "capacityMax" : 1.0,
            "capacityMean" : 0.0,
            "capacityMedian" : 0.0,
            "stayTimeMax"    : 3.0,
            "stayTimeMin"    : 3.0,
            "stayTimeMean"   : 7.42000007629395,
            "stayTimeStd"    : 9.34000015258789,
            "chooseProbability" : 0.0199999995529652,