
{
    "sceneName" : "225",
    "exhibitionsInfo" : [
        {
            "name" : "225_1",
            "posX" : 100.069999694824,
            "posY" : 0.0,
            "posZ" : 2.97000002861023,
            "rotX" : 0.0,
            "rotY" : 90.0,
            "rotZ" : 0.0,
            "sclX" : 1.0,
            "sclY" : 1.0,
            "sclZ" : 1.0,
            "capacityMax" : 2.0,
            "capacityMean" : 0.0,
            "capacityMedian" : 0.0,
            "stayTimeMax"    : 3.0,
            "stayTimeMin"    : 3.0,
            "stayTimeMean"   : 4.19999980926514,
            "stayTimeStd"    : 4.80999994277954,
            "chooseProbability" : 0.25,
            "repeatChooseProbability" : 0.100000001490116
        },
        {
            "name" : "225_2",
            "posX" : 100.25,
            "posY" : 0.0,
            "posZ" : 6.15999984741211,
            "rotX" : 0.0,
            "rotY" : 8.99447917938232,
            "rotZ" : 0.0,
            "sclX" : 1.0,
            "sclY" : 1.0,
            "sclZ" : 1.0,
            "capacityMax" : 2.0,
            "capacityMean" : 0.0,
            "capacityMedian" : 0.0,
            "stayTimeMax"    : 3.0,
            "stayTimeMin"    : 3.0,
            "stayTimeMean"   : 11.8599996566772,
            "stayTimeStd"    : 20.7700004577637,
            "chooseProbability" : 0.219999998807907,
            "repeatChooseProbability" : 0.0700000002980232
        },
        {
            "name" : "225_3",
            "posX" : 100.539993286133,
            "posY" : -3.79085540771484E-05,
            "posZ" : 7.90999984741211,
            "rotX" : 1.57494155249901E-14,
            "rotY" : 1.70755629369523E-06,
            "rotZ" : -5.08888754974322E-14,
            "sclX" : 1.0,
            "sclY" : 1.0,
            "sclZ" : 1.0,
            "capacityMax" : 4.0,
            "capacityMean" : 0.0,
            "capacityMedian" : 0.0,
            "stayTimeMax"    : 3.0,
            "stayTimeMin"    : 3.0,
            "stayTimeMean"   : 16.7900009155273,
            "stayTimeStd"    : 15.039999961853,
            "chooseProbability" : 0.360000014305115,
            "repeatChooseProbability" : 0.0199999995529652
        },
        {
            "name" : "225_4",
            "posX" : 97.5799942016602,
            "posY" : 0.0,
            "posZ" : -2.24000000953674,
            "rotX" : 0.0,
            "rotY" : 39.9999961853027,
            "rotZ" : 0.0,
            "sclX" : 1.0,
            "sclY" : 1.0,
            "sclZ" : 1.0,
            "capacityMax" : 1.0,
            "capacityMean" : 0.0,
            "capacityMedian" : 0.0,
            "stayTimeMax"    : 3.0,
            "stayTimeMin"    : 3.0,
            "stayTimeMean"   : 15.6700000762939,
            "stayTimeStd"    : 13.1199998855591,
            "chooseProbability" : 0.0799999982118607,
            "repeatChooseProbability" : 0.0
        },
        {
            "name" : "225_5",
            "posX" : 104.569999694824,
            "posY" : 0.0,
            "posZ" : -2.0,
            "rotX" : 0.0,
            "rotY" : 295.920288085938,
            "rotZ" : 0.0,
            "sclX" : 1.0,
            "sclY" : 1.0,
            "sclZ" : 1.0,
            "capacityMax" : 1.0,
            "capacityMean" : 0.0,
            "capacityMedian" : 0.0,
            "stayTimeMax"    : 3.0,
            "stayTimeMin"    : 3.0,
            "stayTimeMean"   : 14.5,
            "stayTimeStd"    : 8.5,
            "chooseProbability" : 0.0500000007450581,
            "repeatChooseProbability" : 0.0
        },
        {
            "name" : "225_6",
            "posX" : 106.32999420166,
            "posY" : 0.0,
            "posZ" : 3.41000008583069,
            "rotX" : 0.0,
            "rotY" : 275.232849121094,
            "rotZ" : 0.0,
            "sclX" : 1.0,
            "sclY" : 1.0,
            "sclZ" : 1.0,
            "capacityMax" : 4.0,
            "capacityMean" : 0.0,
            "capacityMedian" : 0.0,
            "stayTimeMax"    : 3.0,
            "stayTimeMin"    : 3.0,
            "stayTimeMean"   : 24.4699993133545,
            "stayTimeStd"    : 26.4799995422363,
            "chooseProbability" : 0.600000023841858,
            "repeatChooseProbability" : 0.0199999995529652
        },
        {
            "name" : "225_7",
            "posX" : 100.360000610352,
            "posY" : 0.0,
            "posZ" : 0.220000028610229,
            "rotX" : 0.0,
            "rotY" : 356.330505371094,
            "rotZ" : 0.0,
            "sclX" : 1.0,
            "sclY" : 1.0,
            "sclZ" : 1.0,
            "capacityMax" : 1.0,
            "capacityMean" : 0.0,
            "capacityMedian" : 0.0,
            "stayTimeMax"    : 3.0,
            "stayTimeMin"    : 3.0,
            "stayTimeMean"   : 3.0,
            "stayTimeStd"    : 0.0,
            "chooseProbability" : 0.0299999993294477,
            "repeatChooseProbability" : 0.0
        },
        {
            "name" : "225_8",
            "posX" : 96.7399978637695,
            "posY" : 2.59999990463257,
            "posZ" : 9.80000019073486,
            "rotX" : 0.0,
            "rotY" : 102.67374420166,
            "rotZ" : 0.0,
            "sclX" : 5.0,
            "sclY" : 5.0,
            "sclZ" : 1.0,
            "capacityMax" : 1.0,
            "capacityMean" : 0.0,
            "capacityMedian" : 0.0,
            "stayTimeMax"    : 3.0,
            "stayTimeMin"    : 3.0,
            "stayTimeMean"   : 2.0,
            "stayTimeStd"    : 0.0,
            "chooseProbability" : 0.0500000007450581,
            "repeatChooseProbability" : 0.0
        },
        {
            "name" : "225_9",
            "posX" : 104.129997253418,
            "posY" : 2.59999990463257,
            "posZ" : 7.88000011444092,
            "rotX" : 0.0,
            "rotY" : 124.723899841309,
            "rotZ" : 0.0,
            "sclX" : 2.0,
            "sclY" : 5.0,
            "sclZ" : 0.299999952316284,
            "capacityMax" : 0.0,
            "capacityMean" : 0.0,
            "capacityMedian" : 0.0,
            "stayTimeMax"    : -1.0,
            "stayTimeMin"    : -1.0,
            "stayTimeMean"   : -1.0,
            "stayTimeStd"    : -1.0,
            "chooseProbability" : 0.0,
            "repeatChooseProbability" : 0.0
        },
        {
            "name" : "225_10",
            "posX" : 96.0599975585938,
            "posY" : 2.59999990463257,
            "posZ" : 2.34999990463257,
            "rotX" : 0.0,
            "rotY" : 89.6529312133789,
            "rotZ" : 0.0,
            "sclX" : 3.0,
            "sclY" : 5.0,
            "sclZ" : 1.0,
            "capacityMax" : 2.0,
            "capacityMean" : 0.0,
            "capacityMedian" : 0.0,
            "stayTimeMax"    : 3.0,
            "stayTimeMin"    : 3.0,
            "stayTimeMean"   : 11.1999998092651,
            "stayTimeStd"    : 10.5900001525879,
            "chooseProbability" : 0.200000002980232,
            "repeatChooseProbability" : 0.0500000007450581
        },
        {
            "name" : "225_walls",
            "posX" : -0.0500000007450581,
            "posY" : 0.0,
            "posZ" : 1.21000003814697,
            "rotX" : 0.0,
            "rotY" : 0.0,
            "rotZ" : 0.0,
            "sclX" : 1.0,
            "sclY" : 1.0,
            "sclZ" : 1.0,
            "capacityMax" : 0.0,
            "capacityMean" : 0.0,
            "capacityMedian" : 0.0,
            "stayTimeMax"    : 0.0,
            "stayTimeMin"    : 0.0,
            "stayTimeMean"   : 0.0,
            "stayTimeStd"    : 0.0,
            "chooseProbability" : 0.0,
            "repeatChooseProbability" : 0.0
        }
    ]
}