
{
    "sceneName" : "119_A",
    "exhibitionsInfo" : [
        {
            "name" : "119_1",
            "posX" : 4.32020235061646,
            "posY" : 0.0,
            "posZ" : 46.3190498352051,
            "rotX" : 0.0,
            "rotY" : 271.701385498047,
            "rotZ" : 0.0,
            "sclX" : 1.0,
            "sclY" : 1.0,
            "sclZ" : 1.0,
            "capacityMax" : 2.0,
            "capacityMean" : 0.0,
            "capacityMedian" : 0.0,
            "stayTimeMax"    : 8.0,
            "stayTimeMin"    : 1.0,
            "stayTimeMean"   : 3.10999989509583,
            "stayTimeStd"    : 1.75999999046326,
            "chooseProbability" : 0.0900000035762787,
            "repeatChooseProbability" : 0.0
        },
        {
            "name" : "119_2",
            "posX" : 2.35701823234558,
            "posY" : 0.0,
            "posZ" : 54.4747047424316,
            "rotX" : 0.0,
            "rotY" : 130.500015258789,
            "rotZ" : 0.0,
            "sclX" : 1.0,
            "sclY" : 1.0,
            "sclZ" : 1.0,
            "capacityMax" : 5.0,
            "capacityMean" : 1.0,
            "capacityMedian" : 1.0,
            "stayTimeMax"    : 44.0,
            "stayTimeMin"    : 1.0,
            "stayTimeMean"   : 12.3999996185303,
            "stayTimeStd"    : 9.6899995803833,
            "chooseProbability" : 0.159999996423721,
            "repeatChooseProbability" : 0.0
        },
        {
            "name" : "119_3",
            "posX" : 5.37265491485596,
            "posY" : 0.0,
            "posZ" : 50.9860229492188,
            "rotX" : 0.0,
            "rotY" : 133.504623413086,
            "rotZ" : 0.0,
            "sclX" : 1.0,
            "sclY" : 1.0,
            "sclZ" : 1.0,
            "capacityMax" : 3.0,
            "capacityMean" : 0.0,
            "capacityMedian" : 0.0,
            "stayTimeMax"    : 16.0,
            "stayTimeMin"    : 1.0,
            "stayTimeMean"   : 4.17999982833862,
            "stayTimeStd"    : 4.36999988555908,
            "chooseProbability" : 0.0599999986588955,
            "repeatChooseProbability" : 0.0
        },
        {
            "name" : "119_4",
            "posX" : -5.09558725357056,
            "posY" : 0.0,
            "posZ" : 47.2182388305664,
            "rotX" : 0.0,
            "rotY" : 32.2284965515137,
            "rotZ" : 0.0,
            "sclX" : 1.0,
            "sclY" : 1.0,
            "sclZ" : 1.0,
            "capacityMax" : 7.0,
            "capacityMean" : 2.0,
            "capacityMedian" : 2.0,
            "stayTimeMax"    : 44.0,
            "stayTimeMin"    : 1.0,
            "stayTimeMean"   : 11.9300003051758,
            "stayTimeStd"    : 10.7700004577637,
            "chooseProbability" : 0.349999994039536,
            "repeatChooseProbability" : 0.0399999991059303
        },
        {
            "name" : "119_5",
            "posX" : -3.27714776992798,
            "posY" : 0.0,
            "posZ" : 55.5978698730469,
            "rotX" : 0.0,
            "rotY" : 155.685699462891,
            "rotZ" : 0.0,
            "sclX" : 1.0,
            "sclY" : 1.0,
            "sclZ" : 1.0,
            "capacityMax" : 2.0,
            "capacityMean" : 0.0,
            "capacityMedian" : 0.0,
            "stayTimeMax"    : 3.0,
            "stayTimeMin"    : 1.0,
            "stayTimeMean"   : 2.0,
            "stayTimeStd"    : 0.819999992847443,
            "chooseProbability" : 0.00999999977648258,
            "repeatChooseProbability" : 0.0
        }
    ]
}